Make,Brand,Country,Sports,SUV,Wagon,Minivan,Pickup,AWD,RWD,Retail,HighwayMPG,Dealer,Engine,Cylinders,Horsepower,CityMPG,Weight,Wheelbase,Length,Width
Acura 3.5 RL,Acura,Japan,0,0,0,0,0,0,0,43755,24,39014,3.5,6,225,18,3880,115,197,72
Acura 3.5 RL Navigation,Acura,Japan,0,0,0,0,0,0,0,46100,24,41100,3.5,6,225,18,3893,115,197,72
Acura MDX,Acura,Japan,0,1,0,0,0,1,0,36945,23,33337,3.5,6,265,17,4451,106,189,77
Acura NSX S,Acura,Japan,1,0,0,0,0,0,1,89765,24,79978,3.2,6,290,17,3153,100,174,71
Acura RSX,Acura,Japan,0,0,0,0,0,0,0,23820,31,21761,2,4,200,24,2778,101,172,68
Acura TL,Acura,Japan,0,0,0,0,0,0,0,33195,28,30299,3.2,6,270,20,3575,108,186,72
Acura TSX,Acura,Japan,0,0,0,0,0,0,0,26990,29,24647,2.4,4,200,22,3230,105,183,69
Audi A4 1.8T,Audi,EU,0,0,0,0,0,0,0,25940,31,23508,1.8,4,170,22,3252,104,179,70
Audi A4 1.8T convertible,Audi,EU,0,0,0,0,0,0,0,35940,30,32506,1.8,4,170,23,3638,105,180,70
Audi A4 3.0 convertible,Audi,EU,0,0,0,0,0,0,0,42490,27,38325,3,6,220,20,3814,105,180,70
Audi A4 3.0,Audi,EU,0,0,0,0,0,0,0,31840,28,28846,3,6,220,20,3462,104,179,70
Audi A4 3.0 Quattro manual,Audi,EU,0,0,0,0,0,1,0,33430,26,30366,3,6,220,17,3583,104,179,70
Audi A4 3.0 Quattro auto,Audi,EU,0,0,0,0,0,1,0,34480,25,31388,3,6,220,18,3627,104,179,70
Audi A4 3.0 Quattro convertible,Audi,EU,0,0,0,0,0,1,0,44240,25,40075,3,6,220,18,4013,105,180,70
Audi A6 2.7 Turbo Quattro four-door,Audi,EU,0,0,0,0,0,1,0,42840,25,38840,2.7,6,250,18,3836,109,192,71
Audi A6 3.0,Audi,EU,0,0,0,0,0,0,0,36640,27,33129,3,6,220,20,3561,109,192,71
Audi A6 3.0 Avant Quattro,Audi,EU,0,0,1,0,0,1,0,40840,25,37060,3,6,220,18,4035,109,192,71
Audi A6 3.0 Quattro,Audi,EU,0,0,0,0,0,1,0,39640,25,35992,3,6,220,18,3880,109,192,71
Audi A6 4.2 Quattro,Audi,EU,0,0,0,0,0,1,0,49690,24,44936,4.2,8,300,17,4024,109,193,71
Audi A8 L Quattro,Audi,EU,0,0,0,0,0,1,0,69190,24,64740,4.2,8,330,17,4399,121,204,75
Audi S4 Avant Quattro,Audi,EU,0,0,1,0,0,1,0,49090,21,44446,4.2,8,340,15,3936,104,179,70
Audi S4 Quattro,Audi,EU,0,0,0,0,0,1,0,48040,20,43556,4.2,8,340,14,3825,104,179,70
Audi RS 6,Audi,EU,1,0,0,0,0,0,0,84600,22,76417,4.2,8,450,15,4024,109,191,78
Audi TT 1.8,Audi,EU,1,0,0,0,0,0,0,35940,28,32512,1.8,4,180,20,3131,95,159,73
Audi TT 1.8 Quattro,Audi,EU,1,0,0,0,0,1,0,37390,28,33891,1.8,4,225,20,2921,96,159,73
Audi TT 3.2,Audi,EU,1,0,0,0,0,1,0,40590,29,36739,3.2,6,250,21,3351,96,159,73
BMW 325i,BMW,EU,0,0,0,0,0,0,1,28495,29,26155,2.5,6,184,20,3219,107,176,69
BMW 325Ci,BMW,EU,0,0,0,0,0,0,1,30795,29,28245,2.5,6,184,20,3197,107,177,69
BMW 325Ci convertible,BMW,EU,0,0,0,0,0,0,1,37995,27,34800,2.5,6,184,19,3560,107,177,69
BMW 325xi,BMW,EU,0,0,0,0,0,1,0,30245,27,27745,2.5,6,184,19,3461,107,176,69
BMW 325xi Sport,BMW,EU,0,0,1,0,0,1,0,32845,26,30110,2.5,6,184,19,3594,107,176,69
BMW 330Ci,BMW,EU,0,0,0,0,0,0,1,36995,30,33890,3,6,225,20,3285,107,176,69
BMW 330Ci convertible,BMW,EU,0,0,0,0,0,0,1,44295,28,40530,3,6,225,19,3616,107,177,69
BMW 330i,BMW,EU,0,0,0,0,0,0,1,35495,30,32525,3,6,225,20,3285,107,176,69
BMW 330xi,BMW,EU,0,0,0,0,0,1,0,37245,29,34115,3,6,225,20,3483,107,176,69
BMW 525i four-door,BMW,EU,0,0,0,0,0,0,1,39995,28,36620,2.5,6,184,19,3428,114,191,73
BMW 530i four-door,BMW,EU,0,0,0,0,0,0,1,44995,30,41170,3,6,225,20,3472,114,191,73
BMW 545iA four-door,BMW,EU,0,0,0,0,0,0,1,54995,26,50270,4.4,8,325,18,3814,114,191,73
BMW 745i four-door,BMW,EU,0,0,0,0,0,0,1,69195,26,63190,4.4,8,325,18,4376,118,198,75
BMW 745Li four-door,BMW,EU,0,0,0,0,0,0,1,73195,26,66830,4.4,8,325,18,4464,123,204,75
BMW M3,BMW,EU,1,0,0,0,0,0,1,48195,24,44170,3.2,6,333,16,3415,108,177,70
BMW M3 convertible,BMW,EU,1,0,0,0,0,0,1,56595,23,51815,3.2,6,333,16,3781,108,177,70
BMW X3 3.0i,BMW,EU,0,1,0,0,0,1,0,37000,23,33873,3,6,225,16,4023,110,180,73
BMW X5 4.4i,BMW,EU,0,1,0,0,0,1,0,52195,22,47720,4.4,8,325,16,4824,111,184,74
BMW Z4 convertible 2.5i two-door,BMW,EU,1,0,0,0,0,0,1,33895,28,31065,2.5,6,184,20,2932,98,161,70
BMW Z4 convertible 3.0i two-door,BMW,EU,1,0,0,0,0,0,1,41045,29,37575,3,6,225,21,2998,98,161,70
Buick Century Custom,Buick,US,0,0,0,0,0,0,0,22180,30,20351,3.1,6,175,20,3353,109,195,73
Buick LeSabre Custom four-door,Buick,US,0,0,0,0,0,0,0,26470,29,24282,3.8,6,205,20,3567,112,200,74
Buick LeSabre Limited,Buick,US,0,0,0,0,0,0,0,32245,29,29566,3.8,6,205,20,3591,112,200,74
Buick Park Avenue,Buick,US,0,0,0,0,0,0,0,35545,29,32244,3.8,6,205,20,3778,114,207,75
Buick Park Avenue Ultra,Buick,US,0,0,0,0,0,0,0,40720,28,36927,3.8,6,240,18,3909,114,207,75
Buick Rainier,Buick,US,0,1,0,0,0,1,0,37895,21,34357,4.2,6,275,15,4600,113,193,75
Buick Regal GS,Buick,US,0,0,0,0,0,0,0,28345,28,26047,3.8,6,240,18,3536,109,196,73
Buick Regal LS,Buick,US,0,0,0,0,0,0,0,24895,30,22835,3.8,6,200,20,3461,109,196,73
Buick Rendezvous CX,Buick,US,0,1,0,0,0,0,0,26545,26,24085,3.4,6,185,19,4024,112,187,74
Cadillac CTS VVT,Cadillac,US,0,0,0,0,0,0,1,30835,25,28575,3.6,6,255,18,3694,113,190,71
Cadillac Deville,Cadillac,US,0,0,0,0,0,0,0,45445,26,41650,4.6,8,275,18,3984,115,207,74
Cadillac Deville DTS,Cadillac,US,0,0,0,0,0,0,0,50595,26,46362,4.6,8,300,18,4044,115,207,74
Cadillac Escaladet,Cadillac,US,0,1,0,0,0,0,0,52795,18,48377,5.3,8,295,14,5367,116,199,79
Cadillac Seville,Cadillac,US,0,0,0,0,0,0,0,47955,26,43841,4.6,8,275,18,3992,112,201,75
Cadillac SRX V8,Cadillac,US,0,1,0,0,0,0,0,46995,21,43523,4.6,8,320,16,4302,116,195,73
Cadillac XLR,Cadillac,US,1,0,0,0,0,0,1,76200,25,70546,4.6,8,320,17,3647,106,178,72
Chevrolet Aveo,Chevrolet,US,0,0,0,0,0,0,0,11690,34,10965,1.6,4,103,28,2370,98,167,66
Chevrolet Astro,Chevrolet,US,0,0,0,1,0,1,0,26395,17,23954,4.3,6,190,14,4605,111,190,78
Chevrolet Aveo LS,Chevrolet,US,0,0,0,0,0,0,0,12585,34,11802,1.6,4,103,28,2348,98,153,66
Chevrolet Cavalier two-door,Chevrolet,US,0,0,0,0,0,0,0,14610,37,13697,2.2,4,140,26,2617,104,183,69
Chevrolet Cavalier four-door,Chevrolet,US,0,0,0,0,0,0,0,14810,37,13884,2.2,4,140,26,2676,104,183,68
Chevrolet Cavalier LS,Chevrolet,US,0,0,0,0,0,0,0,16385,37,15357,2.2,4,140,26,2617,104,183,69
Chevrolet Corvette,Chevrolet,US,1,0,0,0,0,0,1,44535,25,39068,5.7,8,350,18,3246,105,180,74
Chevrolet Corvette convertible,Chevrolet,US,1,0,0,0,0,0,1,51535,25,45193,5.7,8,350,18,3248,105,180,74
Chevrolet Impala,Chevrolet,US,0,0,0,0,0,0,0,21900,32,20095,3.4,6,180,21,3465,111,200,73
Chevrolet Impala LS,Chevrolet,US,0,0,0,0,0,0,0,25000,30,22931,3.8,6,200,20,3476,111,200,73
Chevrolet Impala SS,Chevrolet,US,0,0,0,0,0,0,0,27995,28,25672,3.8,6,240,18,3606,111,200,73
Chevrolet Malibu,Chevrolet,US,0,0,0,0,0,0,0,18995,34,17434,2.2,4,145,24,3174,106,188,70
Chevrolet Malibu LS,Chevrolet,US,0,0,0,0,0,0,0,20370,30,18639,3.5,6,200,22,3297,106,188,70
Chevrolet Malibu LT,Chevrolet,US,0,0,0,0,0,0,0,23495,32,21551,3.5,6,200,23,3315,106,188,70
Chevrolet Malibu Maxx,Chevrolet,US,0,0,1,0,0,0,0,22225,30,20394,3.5,6,200,22,3458,112,188,70
Chevrolet Monte Carlo LS,Chevrolet,US,0,0,0,0,0,0,0,21825,32,20026,3.4,6,180,21,3340,111,198,73
Chevrolet Monte Carlo SS,Chevrolet,US,0,0,0,0,0,0,0,24225,28,22222,3.8,6,200,18,3434,111,198,73
Chevrolet Suburban 1500 LT,Chevrolet,US,0,1,0,0,0,0,0,42735,18,37422,5.3,8,295,14,4947,130,219,79
Chevrolet Tahoe LT,Chevrolet,US,0,1,0,0,0,1,0,41465,18,36287,5.3,8,295,14,5050,116,197,79
Chevrolet Tracker,Chevrolet,US,0,1,0,0,0,0,0,20255,22,19108,2.5,6,165,19,2866,98,163,67
Chevrolet TrailBlazer LT,Chevrolet,US,0,1,0,0,0,0,0,30295,21,27479,4.2,6,275,16,4425,113,192,75
Chevrolet Venture LS,Chevrolet,US,0,0,0,1,0,0,0,27020,26,24518,3.4,6,185,19,3699,112,187,72
Chrysler 300M,Chrysler,US,0,0,0,0,0,0,0,29865,27,27797,3.5,6,250,18,3581,113,198,74
Chrysler 300M Special Edition,Chrysler,US,0,0,0,0,0,0,0,33295,27,30884,3.5,6,255,18,3650,113,198,74
Chrysler Concorde LX,Chrysler,US,0,0,0,0,0,0,0,24130,29,22452,2.7,6,200,21,3479,113,208,74
Chrysler Concorde LXi,Chrysler,US,0,0,0,0,0,0,0,26860,27,24909,3.5,6,232,19,3548,113,208,74
Chrysler Crossfire,Chrysler,US,1,0,0,0,0,0,1,34495,25,32033,3.2,6,215,17,3060,95,160,70
Chrysler Pacifica,Chrysler,US,0,0,1,0,0,0,1,31230,23,28725,3.5,6,250,17,4675,116,199,79
Chrysler PT Cruiser,Chrysler,US,0,0,0,0,0,0,0,17985,29,16919,2.4,4,150,22,3101,103,169,67
Chrysler PT Cruiser GT,Chrysler,US,0,0,0,0,0,0,0,25955,27,24172,2.4,4,220,21,3217,103,169,67
Chrysler PT Cruiser Limited,Chrysler,US,0,0,0,0,0,0,0,22000,29,20573,2.4,4,150,22,3105,103,169,67
Chrysler Sebring,Chrysler,US,0,0,0,0,0,0,0,19090,30,17805,2.4,4,150,22,3173,108,191,71
Chrysler Sebring Touring,Chrysler,US,0,0,0,0,0,0,0,21840,28,20284,2.7,6,200,21,3222,108,191,71
Chrysler Sebring convertible,Chrysler,US,0,0,0,0,0,0,0,25215,30,23451,2.4,4,150,22,3357,106,194,64
Chrysler Sebring Limited convertible,Chrysler,US,0,0,0,0,0,0,0,30950,28,28613,2.7,6,200,21,3448,106,194,69
Chrysler Town and Country LX,Chrysler,US,0,0,0,1,0,0,0,27490,26,25371,3.3,6,180,19,4068,119,201,79
Chrysler Town and Country Limited,Chrysler,US,0,0,0,1,0,0,0,38380,25,35063,3.8,6,215,18,4331,119,201,79
Dodge Caravan SE,Dodge,US,0,0,0,1,0,0,0,21795,26,20508,2.4,4,150,20,3862,113,189,79
Dodge Durango SLT,Dodge,US,0,1,0,0,0,1,0,32235,21,29472,4.7,8,230,15,4987,119,201,76
Dodge Grand Caravan SXT,Dodge,US,0,0,0,1,0,1,0,32660,25,29812,3.8,6,215,18,4440,119,201,79
Dodge Intrepid ES,Dodge,US,0,0,0,0,0,0,0,24885,27,23058,3.5,6,232,18,3487,113,204,75
Dodge Intrepid SE,Dodge,US,0,0,0,0,0,0,0,22035,29,20502,2.7,6,200,21,3469,113,204,75
Dodge Neon SE,Dodge,US,0,0,0,0,0,0,0,13670,36,12849,2,4,132,29,2581,105,174,67
Dodge Neon SXT,Dodge,US,0,0,0,0,0,0,0,15040,36,14086,2,4,132,29,2626,105,174,67
Dodge Stratus SXT,Dodge,US,0,0,0,0,0,0,0,18820,28,17512,2.4,4,150,21,3182,108,191,71
Dodge Stratus SE,Dodge,US,0,0,0,0,0,0,0,20220,28,18821,2.4,4,150,21,3175,108,191,71
Ford Crown Victoria,Ford,US,0,0,0,0,0,0,1,24345,25,22856,4.6,8,224,17,4057,115,212,78
Ford Crown Victoria LX,Ford,US,0,0,0,0,0,0,1,27370,25,25105,4.6,8,224,17,4057,115,212,78
Ford Crown Victoria LX Sport,Ford,US,0,0,0,0,0,0,1,30315,25,27756,4.6,8,239,17,4057,115,212,78
Ford Escape XLS,Ford,US,0,1,0,0,0,1,0,22515,23,20907,3,6,201,18,3346,103,173,70
Ford Expedition 4.6 XLT,Ford,US,0,1,0,0,0,0,0,34560,19,30468,4.6,8,232,15,5000,119,206,79
Ford Explorer XLT V6,Ford,US,0,1,0,0,0,1,0,29670,20,26983,4,6,210,15,4463,114,190,72
Ford Focus LX,Ford,US,0,0,0,0,0,0,0,13730,36,12906,2,4,110,27,2606,103,168,67
Ford Focus SE,Ford,US,0,0,0,0,0,0,0,15460,33,14496,2,4,130,26,2606,103,168,67
Ford Focus SVT,Ford,US,0,0,0,0,0,0,0,19135,28,17878,2,4,170,21,2750,103,168,67
Ford Focus ZTW,Ford,US,0,0,1,0,0,0,0,17475,33,16375,2,4,130,26,2702,103,178,67
Ford Focus ZX5,Ford,US,0,0,0,0,0,0,0,15580,33,14607,2,4,130,26,2691,103,168,67
Ford Focus ZX3,Ford,US,0,0,0,0,0,0,0,13270,33,12482,2,4,130,26,2612,103,168,67
Ford Freestar SE,Ford,US,0,0,0,1,0,0,0,26930,23,24498,3.9,6,193,17,4275,121,201,77
Ford Mustang,Ford,US,1,0,0,0,0,0,1,18345,29,16943,3.8,6,193,20,3290,101,183,73
Ford Mustang GT Premium,Ford,US,1,0,0,0,0,0,1,29380,25,26875,4.6,8,260,17,3347,101,183,73
Ford Taurus LX,Ford,US,0,0,0,0,0,0,0,20320,27,18881,3,6,155,20,3306,109,198,73
Ford Taurus SE,Ford,US,0,0,1,0,0,0,0,22290,26,20457,3,6,155,19,3497,109,198,73
Ford Taurus SES Duratec,Ford,US,0,0,0,0,0,0,0,22735,26,20857,3,6,201,19,3313,109,198,73
Ford Thunderbird Deluxe,Ford,US,1,0,0,0,0,0,0,37530,24,34483,3.9,8,280,17,3780,107,186,72
GMC Envoy XUV SLE,GMC,US,0,1,0,0,0,0,0,31890,19,28922,4.2,6,275,15,4945,129,208,75
GMC Safari SLE,GMC,US,0,0,0,1,0,0,1,25640,20,23215,4.3,6,190,16,4309,111,190,78
GMC Yukon 1500 SLE,GMC,US,0,1,0,0,0,0,0,35725,19,31361,4.8,8,285,16,5042,116,199,79
GMC Yukon XL 2500 SLT,GMC,US,0,1,0,0,0,1,0,46265,17,40534,6,8,325,13,6133,130,219,79
Honda Accord EX,Honda,Japan,0,0,0,0,0,0,0,22260,34,20080,2.4,4,160,26,3047,105,188,71
Honda Accord EX V6,Honda,Japan,0,0,0,0,0,0,0,26960,30,24304,3,6,240,21,3294,105,188,71
Honda Accord LX,Honda,Japan,0,0,0,0,0,0,0,19860,34,17924,2.4,4,160,26,2994,105,188,71
Honda Accord LX V6,Honda,Japan,0,0,0,0,0,0,0,23760,30,21428,3,6,240,21,3349,108,190,72
Honda Civic EX,Honda,Japan,0,0,0,0,0,0,0,17750,37,16265,1.7,4,127,32,2601,103,175,68
Honda Civic DX,Honda,Japan,0,0,0,0,0,0,0,13270,38,12175,1.7,4,115,32,2432,103,175,67
Honda Civic HX,Honda,Japan,0,0,0,0,0,0,0,14170,44,12996,1.7,4,117,36,2500,103,175,67
Honda Civic LX,Honda,Japan,0,0,0,0,0,0,0,15850,38,14531,1.7,4,115,32,2513,103,175,68
Honda Civic Si,Honda,Japan,0,0,0,0,0,0,0,19490,30,17849,2,4,160,26,2782,101,166,67
Honda Civic Hybrid,Honda,Japan,0,0,0,0,0,0,0,20140,51,18451,1.4,4,93,46,2732,103,175,68
Honda CR-V LX,Honda,Japan,0,1,0,0,0,1,0,19860,25,18419,2.4,4,160,21,3258,103,179,70
Honda Element LX,Honda,Japan,0,1,0,0,0,1,0,18690,24,17334,2.4,4,160,21,3468,101,167,72
Honda Insight,Honda,Japan,0,0,0,0,0,0,0,19110,66,17911,2,3,73,60,1850,95,155,67
Honda Odyssey EX,Honda,Japan,0,0,0,1,0,0,0,27450,25,24744,3.5,6,240,18,4365,118,201,76
Honda Odyssey LX,Honda,Japan,0,0,0,1,0,0,0,24950,25,22498,3.5,6,240,18,4310,118,201,76
Honda Pilot LX,Honda,Japan,0,1,0,0,0,1,0,27560,22,24843,3.5,6,240,17,4387,106,188,77
Honda S2000,Honda,Japan,1,0,0,0,0,0,1,33260,25,29965,2.2,4,240,20,2835,95,162,69
Hummer H2,Hummer,US,0,1,0,0,0,1,0,49995,12,45815,6,8,316,10,6400,123,190,81
Hyundai Accent,Hyundai,Korea,0,0,0,0,0,0,0,10539,33,10107,1.6,4,103,29,2255,96,167,66
Hyundai Accent GL,Hyundai,Korea,0,0,0,0,0,0,0,11839,33,11116,1.6,4,103,29,2290,96,167,66
Hyundai Accent GT,Hyundai,Korea,0,0,0,0,0,0,0,11939,33,11209,1.6,4,103,29,2339,96,167,66
Hyundai Elantra GLS,Hyundai,Korea,0,0,0,0,0,0,0,13839,34,12781,2,4,138,26,2635,103,178,68
Hyundai Elantra GT,Hyundai,Korea,0,0,0,0,0,0,0,15389,34,14207,2,4,138,26,2635,103,178,68
Hyundai Elantra GT hatch,Hyundai,Korea,0,0,0,0,0,0,0,15389,34,14207,2,4,138,26,2698,103,178,68
Hyundai Santa Fe GLS,Hyundai,Korea,0,1,0,0,0,0,0,21589,26,20201,2.7,6,173,20,3549,103,177,73
Hyundai Sonata GLS,Hyundai,Korea,0,0,0,0,0,0,0,19339,27,17574,2.7,6,170,19,3217,106,187,72
Hyundai Sonata LX,Hyundai,Korea,0,0,0,0,0,0,0,20339,27,18380,2.7,6,170,19,3217,106,187,72
Hyundai Tiburon GT V6,Hyundai,Korea,1,0,0,0,0,0,0,18739,26,17101,2.7,6,172,19,3023,100,173,69
Hyundai XG350,Hyundai,Korea,0,0,0,0,0,0,0,24589,26,22055,3.5,6,194,17,3651,108,192,72
Hyundai XG350 L,Hyundai,Korea,0,0,0,0,0,0,0,26189,26,23486,3.5,6,194,17,3651,108,192,72
Infiniti FX35,Infiniti,Japan,0,0,1,0,0,0,1,34895,22,31756,3.5,6,280,16,4056,112,189,76
Infiniti FX45,Infiniti,Japan,0,0,1,0,0,1,0,36395,19,33121,4.5,8,315,15,4309,112,189,76
Infiniti G35,Infiniti,Japan,0,0,0,0,0,0,1,28495,26,26157,3.5,6,260,18,3336,112,187,69
Infiniti G35 Sport Coupe,Infiniti,Japan,0,0,0,0,0,0,1,29795,26,27536,3.5,6,280,18,3416,112,182,72
Infiniti G35 AWD,Infiniti,Japan,0,0,0,0,0,1,0,32445,26,29783,3.5,6,260,18,3677,112,187,69
Infiniti I35,Infiniti,Japan,0,0,0,0,0,0,0,31145,26,28320,3.5,6,255,19,3306,108,194,70
Infiniti M45,Infiniti,Japan,0,0,0,0,0,0,1,42845,23,38792,4.5,8,340,17,3851,110,197,70
Infiniti Q45 Luxury,Infiniti,Japan,0,0,0,0,0,0,1,52545,23,47575,4.5,8,340,17,3977,113,200,73
Isuzu Ascender S,Isuzu,Japan,0,1,0,0,0,1,0,31849,20,29977,4.2,6,275,15,4967,129,208,76
Isuzu Rodeo S,Isuzu,Japan,0,1,0,0,0,0,0,20449,21,19261,3.2,6,193,17,3836,106,178,70
Jaguar S-Type 3.0,Jaguar,EU,0,0,0,0,0,0,1,43895,26,40004,3,6,235,18,3777,115,192,72
Jaguar S-Type 4.2,Jaguar,EU,0,0,0,0,0,0,1,49995,28,45556,4.2,8,294,18,3874,115,192,72
Jaguar S-Type R,Jaguar,EU,0,0,0,0,0,0,1,63120,24,57499,4.2,8,390,17,4046,115,192,72
Jaguar Vanden Plas,Jaguar,EU,0,0,0,0,0,0,1,68995,28,62846,4.2,8,294,18,3803,119,200,73
Jaguar X-Type 2.5,Jaguar,EU,0,0,0,0,0,1,0,29995,26,27355,2.5,6,192,18,3428,107,184,70
Jaguar X-Type 3.0,Jaguar,EU,0,0,0,0,0,1,0,33995,25,30995,3,6,227,18,3516,107,184,70
Jaguar XJ8,Jaguar,EU,0,0,0,0,0,0,1,59995,28,54656,4.2,8,294,18,3803,119,200,73
Jaguar XJR,Jaguar,EU,0,0,0,0,0,0,1,74995,24,68306,4.2,8,390,17,3948,119,200,73
Jaguar XK8 coupe,Jaguar,EU,1,0,0,0,0,0,1,69995,26,63756,4.2,8,294,18,3779,102,187,71
Jaguar XK8 convertible,Jaguar,EU,1,0,0,0,0,0,1,74995,26,68306,4.2,8,294,18,3980,102,187,71
Jaguar XKR coupe,Jaguar,EU,1,0,0,0,0,0,1,81995,23,74676,4.2,8,390,16,3865,102,187,71
Jaguar XKR convertible,Jaguar,EU,1,0,0,0,0,0,1,86995,23,79226,4.2,8,390,16,4042,102,187,71
Jeep Grand Cherokee Laredo,Jeep,EU,0,1,0,0,0,0,0,27905,21,25686,4,6,195,16,3790,106,181,72
Jeep Liberty Sport,Jeep,EU,0,1,0,0,0,1,0,20130,24,18973,2.4,4,150,20,3826,104,174,72
Jeep Wrangler Sahara,Jeep,EU,0,1,0,0,0,1,0,25520,19,23275,4,6,190,16,3575,93,150,67
Kia Optima LX,Kia,Korea,0,0,0,0,0,0,0,16040,30,14910,2.4,4,138,23,3281,106,186,72
Kia Optima LX V6,Kia,Korea,0,0,0,0,0,0,0,18435,27,16850,2.7,6,170,20,3279,106,186,72
Kia Rio auto,Kia,Korea,0,0,0,0,0,0,0,11155,32,10705,1.6,4,104,25,2458,95,167,66
Kia Rio manual,Kia,Korea,0,0,0,0,0,0,0,10280,33,9875,1.6,4,104,26,2403,95,167,66
Kia Rio Cinco,Kia,Korea,0,0,1,0,0,0,0,11905,33,11410,1.6,4,104,26,2447,95,167,66
Kia Sedona LX,Kia,Korea,0,0,0,1,0,0,0,20615,22,19400,3.5,6,195,16,4802,115,194,75
Kia Sorento LX,Kia,Korea,0,1,0,0,0,0,0,19635,19,18630,3.5,6,192,16,4112,107,180,73
Kia Spectra,Kia,Korea,0,0,0,0,0,0,0,12360,32,11630,1.8,4,124,24,2661,101,178,68
Kia Spectra GS,Kia,Korea,0,0,0,0,0,0,0,13580,32,12830,1.8,4,124,24,2686,101,178,68
Kia Spectra GSX,Kia,Korea,0,0,0,0,0,0,0,14630,32,13790,1.8,4,124,24,2697,101,178,68
Land Rover Discovery SE,Land,EU,0,1,0,0,0,1,0,39250,16,35777,4.6,8,217,12,4576,100,185,74
Land Rover Freelander SE,Land,EU,0,1,0,0,0,1,0,25995,21,23969,2.5,6,174,18,3577,101,175,71
Land Rover Range Rover HSE,Land,EU,0,1,0,0,0,1,0,72250,16,65807,4.4,8,282,12,5379,113,195,76
Lexus ES 330,Lexus,Japan,0,0,0,0,0,0,0,32350,29,28755,3.3,6,225,20,3460,107,191,71
Lexus GS 300,Lexus,Japan,0,0,0,0,0,0,1,41010,25,36196,3,6,220,18,3649,110,189,71
Lexus GS 430,Lexus,Japan,0,0,0,0,0,0,1,48450,23,42232,4.3,8,300,18,3715,110,189,71
Lexus GX 470,Lexus,Japan,0,1,0,0,0,1,0,45700,19,39838,4.7,8,235,15,4740,110,188,74
Lexus IS 300 manual,Lexus,Japan,0,0,0,0,0,0,1,31045,25,27404,3,6,215,18,3255,105,177,68
Lexus IS 300 auto,Lexus,Japan,0,0,0,0,0,0,1,32415,24,28611,3,6,215,18,3285,105,177,68
Lexus IS 300 SportCross,Lexus,Japan,0,0,1,0,0,0,1,32455,24,28647,3,6,215,18,3410,105,177,68
Lexus LS 430,Lexus,Japan,0,0,0,0,0,0,1,55750,25,48583,4.3,8,290,18,3990,115,197,72
Lexus LX 470,Lexus,Japan,0,1,0,0,0,1,0,64800,17,56455,4.7,8,235,13,5590,112,193,76
Lexus SC 430,Lexus,Japan,1,0,0,0,0,0,1,63200,23,55063,4.3,8,300,18,3840,103,178,72
Lexus RX 330,Lexus,Japan,0,1,0,0,0,1,0,39195,24,34576,3.3,6,230,18,4065,107,186,73
Lincoln Aviator Ultimate,Lincoln,US,0,1,0,0,0,0,0,42915,18,39443,4.6,8,302,13,4834,114,193,76
Lincoln LS V6 Luxury,Lincoln,US,0,0,0,0,0,0,1,32495,26,29969,3,6,232,20,3681,115,194,73
Lincoln LS V6 Premium,Lincoln,US,0,0,0,0,0,0,1,36895,26,33929,3,6,232,20,3681,115,194,73
Lincoln LS V8 Sport,Lincoln,US,0,0,0,0,0,0,1,40095,24,36809,3.9,8,280,17,3768,115,194,73
Lincoln LS V8 Ultimate,Lincoln,US,0,0,0,0,0,0,1,43495,24,39869,3.9,8,280,17,3768,115,194,73
Lincoln Navigator Luxury,Lincoln,US,0,1,0,0,0,1,0,52775,18,46360,5.4,8,300,13,5969,119,206,80
Lincoln Town Car Signature,Lincoln,US,0,0,0,0,0,0,1,41815,25,38418,4.6,8,239,17,4369,118,215,78
Lincoln Town Car Ultimate,Lincoln,US,0,0,0,0,0,0,1,44925,25,41217,4.6,8,239,17,4369,118,215,78
Lincoln Town Car Ultimate L,Lincoln,US,0,0,0,0,0,0,1,50470,25,46208,4.6,8,239,17,4474,124,221,78
Mazda6 i,Mazda,Japan,0,0,0,0,0,0,0,19270,32,17817,2.3,4,160,24,3042,105,187,70
Mazda MPV ES,Mazda,Japan,0,0,0,1,0,0,0,28750,25,26600,3,6,200,18,3812,112,188,72
Mazda MX-5 Miata,Mazda,Japan,1,0,0,0,0,0,1,22388,28,20701,1.8,4,142,23,2387,89,156,66
Mazda MX-5 Miata LS,Mazda,Japan,1,0,0,0,0,0,1,25193,28,23285,1.8,4,142,23,2387,89,156,66
Mazda Tribute DX 2.0,Mazda,Japan,0,1,0,0,0,1,0,21087,25,19742,2,4,130,22,3091,103,173,72
Mercedes-Benz C32 AMG,Mercedes-Benz,EU,0,0,0,0,0,0,1,52120,21,48522,3.2,6,349,16,3540,107,178,68
Mercedes-Benz C230 Sport,Mercedes-Benz,EU,0,0,0,0,0,0,1,26060,30,24249,1.8,4,189,22,3250,107,178,68
Mercedes-Benz C240,Mercedes-Benz,EU,0,0,1,0,0,0,1,33780,25,31466,2.6,6,168,19,3470,107,179,68
Mercedes-Benz C240 RWD,Mercedes-Benz,EU,0,0,0,0,0,0,1,32280,25,30071,2.6,6,168,20,3360,107,178,68
Mercedes-Benz C240 AWD,Mercedes-Benz,EU,0,0,0,0,0,1,0,33480,25,31187,2.6,6,168,19,3360,107,178,68
Mercedes-Benz C320,Mercedes-Benz,EU,0,0,0,0,0,0,1,37630,26,35046,3.2,6,215,20,3450,107,178,68
Mercedes-Benz C320 Sport two-door,Mercedes-Benz,EU,0,0,0,0,0,0,1,28370,26,26435,3.2,6,215,19,3430,107,178,68
Mercedes-Benz C320 Sport four-door,Mercedes-Benz,EU,0,0,0,0,0,0,1,35920,26,33456,3.2,6,215,19,3430,107,178,68
Mercedes-Benz CL500,Mercedes-Benz,EU,0,0,0,0,0,0,1,94820,24,88324,5,8,302,16,4085,114,196,73
Mercedes-Benz CL600,Mercedes-Benz,EU,0,0,0,0,0,0,1,128420,19,119600,5.5,12,493,13,4473,114,196,73
Mercedes-Benz CLK320,Mercedes-Benz,EU,0,0,0,0,0,0,1,45707,26,41966,3.2,6,215,20,3770,107,183,69
Mercedes-Benz CLK500,Mercedes-Benz,EU,0,0,0,0,0,0,1,52800,22,49104,5,8,302,17,3585,107,183,69
Mercedes-Benz E320,Mercedes-Benz,EU,0,0,1,0,0,0,1,50670,27,47174,3.2,6,221,19,3966,112,190,71
Mercedes-Benz E320 four-door,Mercedes-Benz,EU,0,0,0,0,0,0,1,48170,27,44849,3.2,6,221,19,3635,112,190,71
Mercedes-Benz E500,Mercedes-Benz,EU,0,0,1,0,0,1,0,60670,24,56474,5,8,302,16,4230,112,190,71
Mercedes-Benz E500 four-door,Mercedes-Benz,EU,0,0,0,0,0,0,1,57270,20,53382,5,8,302,16,3815,112,190,71
Mercedes-Benz G500,Mercedes-Benz,EU,0,1,0,0,0,1,0,76870,14,71540,5,8,292,13,5423,112,186,71
Mercedes-Benz ML500,Mercedes-Benz,EU,0,1,0,0,0,1,0,46470,17,43268,5,8,288,14,4874,111,183,72
Mercedes-Benz S430,Mercedes-Benz,EU,0,0,0,0,0,0,1,74320,26,69168,4.3,8,275,18,4160,122,203,73
Mercedes-Benz S500,Mercedes-Benz,EU,0,0,0,0,0,1,0,86970,24,80939,5,8,302,16,4390,122,203,73
Mercedes-Benz SL500,Mercedes-Benz,EU,1,0,0,0,0,0,1,90520,23,84325,5,8,302,16,4065,101,179,72
Mercedes-Benz SL55 AMG,Mercedes-Benz,EU,1,0,0,0,0,0,1,121770,21,113388,5.5,8,493,14,4235,101,179,72
Mercedes-Benz SL600,Mercedes-Benz,EU,1,0,0,0,0,0,1,126670,19,117854,5.5,12,493,13,4429,101,179,72
Mercedes-Benz SLK230,Mercedes-Benz,EU,1,0,0,0,0,0,1,40320,29,37548,2.3,4,192,21,3055,95,158,68
Mercedes-Benz SLK32 AMG,Mercedes-Benz,EU,1,0,0,0,0,0,1,56170,22,52289,3.2,6,349,17,3220,95,158,68
Mercury Grand Marquis GS,Mercury,US,0,0,0,0,0,0,1,24695,25,23217,4.6,8,224,17,4052,115,212,78
Mercury Grand Marquis LS Premium,Mercury,US,0,0,0,0,0,0,1,29595,25,27148,4.6,8,224,17,4052,115,212,78
Mercury Grand Marquis LS Ultimate,Mercury,US,0,0,0,0,0,0,1,30895,25,28318,4.6,8,224,17,4052,115,212,78
Mercury Marauder,Mercury,US,0,0,0,0,0,0,1,34495,23,31558,4.6,8,302,17,4195,115,212,78
Mercury Monterey Luxury,Mercury,US,0,0,0,1,0,0,0,33995,23,30846,4.2,6,201,16,4340,121,202,77
Mercury Mountaineer,Mercury,US,0,1,0,0,0,0,0,29995,21,27317,4,6,210,16,4374,114,190,72
Mercury Sable GS,Mercury,US,0,0,1,0,0,0,0,22595,26,20748,3,6,155,19,3488,109,198,73
Mercury Sable GS four-door,Mercury,US,0,0,0,0,0,0,0,21595,27,19848,3,6,155,20,3308,109,200,73
Mercury Sable LS Premium,Mercury,US,0,0,0,0,0,0,0,23895,26,21918,3,6,201,19,3315,109,200,73
Mini Cooper,Mini,EU,0,0,0,0,0,0,0,16999,37,15437,1.6,4,115,28,2524,97,143,67
Mini Cooper S,Mini,EU,0,0,0,0,0,0,0,19999,34,18137,1.6,4,163,25,2678,97,144,67
Mitsubishi Diamante LS,Mitsubishi,Japan,0,0,0,0,0,0,0,29282,25,27250,3.5,6,205,18,3549,107,194,70
Mitsubishi Eclipse GTS,Mitsubishi,Japan,1,0,0,0,0,0,0,25092,28,23456,3,6,210,21,3241,101,177,69
Mitsubishi Eclipse Spyder GT,Mitsubishi,Japan,1,0,0,0,0,0,0,26992,28,25218,3,6,210,21,3296,101,177,69
Mitsubishi Endeavor,Mitsubishi,Japan,0,1,0,0,0,1,0,30492,21,28330,3.8,6,215,17,4134,109,190,74
Mitsubishi Galant,Mitsubishi,Japan,0,0,0,0,0,0,0,25700,26,23883,3.8,6,230,18,3649,108,191,72
Mitsubishi Lancer Evolution,Mitsubishi,Japan,1,0,0,0,0,0,0,29562,26,27466,2,4,271,18,3263,103,179,70
Mitsubishi Montero,Mitsubishi,Japan,0,1,0,0,0,1,0,33112,19,30763,3.8,6,215,15,4718,110,190,75
Mitsubishi Outlander,Mitsubishi,Japan,0,1,0,0,0,0,0,18892,27,17569,2.4,4,160,21,3240,103,179,69
Nissan 350Z,Nissan,Japan,1,0,0,0,0,0,1,26910,26,25203,3.5,6,287,20,3188,104,169,72
Nissan 350Z Enthusiast,Nissan,Japan,1,0,0,0,0,0,1,34390,26,31845,3.5,6,287,20,3428,104,169,72
Nissan Altima S,Nissan,Japan,0,0,0,0,0,0,0,19240,26,18030,2.5,4,175,21,3039,110,192,70
Nissan Altima SE,Nissan,Japan,0,0,0,0,0,0,0,23290,26,21580,3.5,6,245,21,3197,110,192,70
Nissan Maxima SE,Nissan,Japan,0,0,0,0,0,0,0,27490,28,25182,3.5,6,265,20,3473,111,194,72
Nissan Maxima SL,Nissan,Japan,0,0,0,0,0,0,0,29440,28,26966,3.5,6,265,20,3476,111,194,72
Nissan Murano,Nissan,Japan,0,0,1,0,0,0,1,28739,25,27300,3.5,6,245,20,3801,111,188,74
Nissan Pathfinder SE,Nissan,Japan,0,1,0,0,0,0,0,27339,21,25972,3.5,6,240,16,3871,106,183,72
Nissan Pathfinder Armada SE,Nissan,Japan,0,1,0,0,0,0,0,33840,19,30815,5.6,8,305,13,5013,123,207,79
Nissan Quest S,Nissan,Japan,0,0,0,1,0,0,0,24780,26,22958,3.5,6,240,19,4012,124,204,78
Nissan Quest SE,Nissan,Japan,0,0,0,1,0,0,0,32780,25,30019,3.5,6,240,18,4175,124,204,78
Nissan Sentra 1.8,Nissan,Japan,0,0,0,0,0,0,0,12740,35,12205,1.8,4,126,28,2513,100,178,67
Nissan Sentra 1.8 S,Nissan,Japan,0,0,0,0,0,0,0,14740,35,13747,1.8,4,126,28,2581,100,178,67
Nissan Sentra SE-R,Nissan,Japan,0,0,0,0,0,0,0,17640,28,16444,2.5,4,165,23,2761,100,178,67
Nissan Xterra XE,Nissan,Japan,0,1,0,0,0,0,0,20939,20,19512,3.3,6,180,17,3760,104,178,70
Oldsmobile Alero GLS,Oldsmobile,US,0,0,0,0,0,0,0,23675,29,21485,3.4,6,170,20,3085,107,187,70
Oldsmobile Alero GX,Oldsmobile,US,0,0,0,0,0,0,0,18825,32,17642,2.2,4,140,24,2946,107,187,70
Oldsmobile Silhouette GL,Oldsmobile,US,0,0,0,1,0,0,0,28790,26,26120,3.4,6,185,19,3948,120,201,72
Pontiac Aztekt,Pontiac,US,0,1,0,0,0,0,0,21595,26,19810,3.4,6,185,19,3779,108,182,74
Porsche Cayenne S,Porsche,EU,0,1,0,0,0,1,0,56665,18,49865,4.5,8,340,14,4950,112,188,76
Pontiac Grand Am GT,Pontiac,US,0,0,0,0,0,0,0,22450,29,20595,3.4,6,175,20,3118,107,186,70
Pontiac Grand Prix GT1,Pontiac,US,0,0,0,0,0,0,0,22395,30,20545,3.8,6,200,20,3477,111,198,74
Pontiac Grand Prix GT2,Pontiac,US,0,0,0,0,0,0,0,24295,30,22284,3.8,6,200,20,3484,111,198,74
Pontiac Montana,Pontiac,US,0,0,0,1,0,0,0,23845,26,21644,3.4,6,185,19,3803,112,187,72
Pontiac Montana EWB,Pontiac,US,0,0,0,1,0,1,0,31370,24,28454,3.4,6,185,18,4431,121,201,72
Pontiac Sunfire 1SA,Pontiac,US,0,0,0,0,0,0,0,15495,33,14375,2.2,4,140,24,2771,104,182,68
Pontiac Sunfire 1SC,Pontiac,US,0,0,0,0,0,0,0,17735,33,16369,2.2,4,140,24,2771,104,182,68
Pontiac Vibe,Pontiac,US,0,0,1,0,0,0,1,17045,36,15973,1.8,4,130,29,2701,102,172,70
Porsche 911 Carrera,Porsche,EU,1,0,0,0,0,0,1,79165,26,69229,3.6,6,315,18,3135,93,175,70
Porsche 911 Carrera 4S,Porsche,EU,1,0,0,0,0,1,0,84165,24,72206,3.6,6,315,17,3240,93,175,72
Porsche 911 Targa,Porsche,EU,1,0,0,0,0,0,1,76765,26,67128,3.6,6,315,18,3119,93,175,70
Porsche 911 GT2,Porsche,EU,1,0,0,0,0,0,1,192465,24,173560,3.6,6,477,17,3131,93,175,72
Porsche Boxster,Porsche,EU,1,0,0,0,0,0,1,43365,29,37886,2.7,6,228,20,2811,95,170,70
Porsche Boxster S,Porsche,EU,1,0,0,0,0,0,1,52365,26,45766,3.2,6,258,18,2911,95,170,70
Saab 9-3 Arc,Saab,EU,0,0,0,0,0,0,0,40670,29,38520,2,4,210,21,3480,105,182,69
Saab 9-3 Arc Sport,Saab,EU,0,0,0,0,0,0,0,30860,28,29269,2,4,210,20,3175,105,183,69
Saab 9-3 Aero,Saab,EU,0,0,0,0,0,0,0,33360,28,31562,2,4,210,20,3175,105,183,69
Saab 9-3 Aero convertible,Saab,EU,0,0,0,0,0,0,0,43175,30,40883,2,4,210,21,3700,105,182,69
Saab 9-5 Arc,Saab,EU,0,0,0,0,0,0,0,35105,29,33011,2.3,4,220,21,3470,106,190,71
Saab 9-5 Aero,Saab,EU,0,0,1,0,0,0,0,40845,29,38376,2.3,4,250,19,3620,106,190,71
Saab 9-5 Aero four-door,Saab,EU,0,0,0,0,0,0,0,39465,29,37721,2.3,4,250,21,3470,106,190,71
Saturn Ion1,Saturn,US,0,0,0,0,0,0,0,10995,35,10319,2.2,4,140,26,2692,103,185,67
Saturn Ion2,Saturn,US,0,0,0,0,0,0,0,14300,35,13393,2.2,4,140,26,2692,103,185,67
Saturn Ion2 quad coupe,Saturn,US,0,0,0,0,0,0,0,14850,35,13904,2.2,4,140,26,2751,103,185,68
Saturn Ion3,Saturn,US,0,0,0,0,0,0,0,15825,35,14811,2.2,4,140,26,2692,103,185,67
Saturn Ion3 quad coupe,Saturn,US,0,0,0,0,0,0,0,16350,35,15299,2.2,4,140,26,2751,103,185,68
Saturn L300,Saturn,US,0,0,0,1,0,0,0,23560,34,21779,2.2,4,140,24,3109,107,190,69
Saturn L300-2,Saturn,US,0,0,0,0,0,0,0,21410,28,19801,3,6,182,20,3197,107,190,69
Saturn VUE,Saturn,US,0,1,0,0,0,1,0,20585,26,19238,2.2,4,143,21,3381,107,181,72
Scion xA,Scion,Japan,0,0,0,0,0,0,0,12965,38,12340,1.5,4,108,32,2340,93,154,67
Scion xB,Scion,Japan,0,0,1,0,0,0,0,14165,35,13480,1.5,4,108,31,2425,98,155,67
Subaru Forester,Subaru,Japan,0,0,1,0,0,1,0,21445,28,19646,2.5,4,165,21,3090,99,175,68
Subaru Impreza 2.5 RS,Subaru,Japan,0,0,0,0,0,1,0,19945,28,18399,2.5,4,165,22,2965,99,174,69
Subaru Impreza WRX,Subaru,Japan,1,0,0,0,0,1,0,25045,27,23022,2,4,227,20,3085,99,174,69
Subaru Impreza WRX STi,Subaru,Japan,1,0,0,0,0,1,0,31545,24,29130,2.5,4,300,18,3263,100,174,69
Subaru Legacy GT,Subaru,Japan,0,0,0,0,0,1,0,25645,28,23336,2.5,4,165,21,3395,104,184,69
Subaru Legacy L,Subaru,Japan,0,0,0,0,0,1,0,20445,28,18713,2.5,4,165,21,3285,104,184,69
Subaru Outback,Subaru,Japan,0,0,1,0,0,1,0,23895,28,21773,2.5,4,165,21,3430,104,187,69
Subaru Outback Limited Sedan,Subaru,Japan,0,0,0,0,0,1,0,27145,27,24687,2.5,4,165,20,3495,104,184,69
Subaru Outback H6,Subaru,Japan,0,0,0,0,0,1,0,29345,26,26660,3,6,212,19,3610,104,184,69
Subaru Outback H-6 VDC,Subaru,Japan,0,0,0,0,0,1,0,31545,26,28603,3,6,212,19,3630,104,184,69
Suzuki Aeno S,Suzuki,Japan,0,0,0,0,0,0,0,12884,31,12719,2.3,4,155,25,2676,98,171,68
Suzuki Aerio LX,Suzuki,Japan,0,0,0,0,0,0,0,14500,31,14317,2.3,4,155,25,2676,98,171,68
Suzuki Aerio SX,Suzuki,Japan,0,0,1,0,0,1,0,16497,29,16291,2.3,4,155,24,2932,98,167,68
Suzuki Forenza S,Suzuki,Japan,0,0,0,0,0,0,0,12269,31,12116,2,4,119,24,2701,102,177,68
Suzuki Forenza EX,Suzuki,Japan,0,0,0,0,0,0,0,15568,30,15378,2,4,119,22,2756,102,177,68
Suzuki Verona LX,Suzuki,Japan,0,0,0,0,0,0,0,17262,27,17053,2.5,6,155,20,3380,106,188,72
Suzuki Vitara LX,Suzuki,Japan,0,1,0,0,0,1,0,17163,22,16949,2.5,6,165,19,3020,98,163,67
Suzuki XL-7 EX,Suzuki,Japan,0,1,0,0,0,0,0,23699,22,22307,2.7,6,185,18,3682,110,187,70
Toyota 4Runner SR5 V6,Toyota,Japan,0,1,0,0,0,0,0,27710,21,24801,4,6,245,18,4035,110,189,74
Toyota Avalon XL,Toyota,Japan,0,0,0,0,0,0,0,26560,29,23693,3,6,210,21,3417,107,192,72
Toyota Avalon XLS,Toyota,Japan,0,0,0,0,0,0,0,30920,29,27271,3,6,210,21,3439,107,192,72
Toyota Camry LE,Toyota,Japan,0,0,0,0,0,0,0,19560,33,17558,2.4,4,157,24,3086,107,189,71
Toyota Camry LE V6,Toyota,Japan,0,0,0,0,0,0,0,22775,29,20325,3,6,210,21,3296,107,189,71
Toyota Camry XLE V6,Toyota,Japan,0,0,0,0,0,0,0,25920,29,23125,3,6,210,21,3362,107,189,71
Toyota Camry Solara SE,Toyota,Japan,0,0,0,0,0,0,0,19635,33,17722,2.4,4,157,24,3175,107,193,72
Toyota Camry Solara SE V6,Toyota,Japan,0,0,0,0,0,0,0,21965,29,19819,3.3,6,225,20,3417,107,193,72
Toyota Camry Solara SLE V6 two-door,Toyota,Japan,0,0,0,0,0,0,0,26510,29,23908,3.3,6,225,20,3439,107,193,72
Toyota Celica,Toyota,Japan,1,0,0,0,0,0,0,22570,33,20363,1.8,4,180,24,2500,102,171,68
Toyota Corolla CE,Toyota,Japan,0,0,0,0,0,0,0,14085,40,13065,1.8,4,130,32,2502,102,178,67
Toyota Corolla S,Toyota,Japan,0,0,0,0,0,0,0,15030,40,13650,1.8,4,130,32,2524,102,178,67
Toyota Corolla LE,Toyota,Japan,0,0,0,0,0,0,0,15295,40,13889,1.8,4,130,32,2524,102,178,67
Toyota Echo two-door manual,Toyota,Japan,0,0,0,0,0,0,0,10760,43,10144,1.5,4,108,35,2035,93,163,65
Toyota Echo two-door auto,Toyota,Japan,0,0,0,0,0,0,0,11560,39,10896,1.5,4,108,33,2085,93,163,65
Toyota Echo four-door,Toyota,Japan,0,0,0,0,0,0,0,11290,43,10642,1.5,4,108,35,2055,93,163,65
Toyota Highlander V6,Toyota,Japan,0,1,0,0,0,1,0,27930,24,24915,3.3,6,230,18,3935,107,185,72
Toyota Land Cruiser,Toyota,Japan,0,1,0,0,0,1,0,54765,17,47986,4.7,8,325,13,5390,112,193,76
Toyota Matrix,Toyota,Japan,0,0,1,0,0,0,0,16695,36,15156,1.8,4,130,29,2679,102,171,70
Toyota MR2 Spyder,Toyota,Japan,1,0,0,0,0,0,1,25130,32,22787,1.8,4,138,26,2195,97,153,67
Toyota Prius,Toyota,Japan,0,0,0,0,0,0,0,20510,51,18926,1.5,4,110,59,2890,106,175,68
Toyota RAV4,Toyota,Japan,0,1,0,0,0,1,0,20290,27,18553,2.4,4,161,22,3119,98,167,68
Toyota Sequoia SR5,Toyota,Japan,0,1,0,0,0,1,0,35695,17,31827,4.7,8,240,14,5270,118,204,78
Toyota Sienna CE,Toyota,Japan,0,0,0,1,0,0,0,23495,27,21198,3.3,6,230,19,4120,119,200,77
Toyota Sienna XLE,Toyota,Japan,0,0,0,1,0,0,0,28800,27,25690,3.3,6,230,19,4165,119,200,77
Volkswagen Golf,Volkswagen,EU,0,0,0,0,0,0,0,18715,31,17478,2,4,115,24,2897,99,165,68
Volkswagen GTI,Volkswagen,EU,0,0,0,0,0,0,0,19825,31,18109,1.8,4,180,24,2934,99,168,68
Volkswagen Jetta GL,Volkswagen,EU,0,0,1,0,0,0,0,19005,30,17427,2,4,115,24,3034,99,174,68
Volkswagen Jetta GLI,Volkswagen,EU,0,0,0,0,0,0,0,23785,30,21686,2.8,6,200,21,3179,99,172,68
Volkswagen Jetta GLS,Volkswagen,EU,0,0,0,0,0,0,0,21055,46,19638,1.9,4,100,38,3003,99,172,68
Volkswagen New Beetle GLS 1.8T,Volkswagen,EU,0,0,0,0,0,0,0,21055,31,19638,1.8,4,150,24,2820,99,161,68
Volkswagen New Beetle GLS convertible,Volkswagen,EU,0,0,0,0,0,0,0,23215,30,21689,2,4,115,24,3082,99,161,68
Volkswagen Passat GLS,Volkswagen,EU,0,0,1,0,0,0,0,24955,31,22801,1.8,4,170,22,3338,106,184,69
Volkswagen Passat GLS four-door,Volkswagen,EU,0,0,0,0,0,0,0,23955,31,21898,1.8,4,170,22,3241,106,185,69
Volkswagen Passat GLX V6 4MOTION four-door,Volkswagen,EU,0,0,0,0,0,0,0,33180,26,30583,2.8,6,190,19,3721,106,185,69
Volkswagen Passat W8,Volkswagen,EU,0,0,1,0,0,0,0,40235,25,36956,4,8,270,18,4067,106,184,69
Volkswagen Passat W8 4MOTION,Volkswagen,EU,0,0,0,0,0,0,0,39235,25,36052,4,8,270,18,3953,106,185,69
Volkswagen Touareg V6,Volkswagen,EU,0,1,0,0,0,1,0,35515,20,32243,3.2,6,220,15,5086,112,187,76
Volvo C70 LPT,Volvo,EU,0,0,0,0,0,0,0,40565,28,38203,2.4,5,197,21,3450,105,186,72
Volvo C70 HPT,Volvo,EU,0,0,0,0,0,0,0,42565,26,40083,2.3,5,242,20,3450,105,186,72
Volvo S40,Volvo,EU,0,0,0,0,0,0,0,25135,29,23701,1.9,4,170,22,2767,101,178,68
Volvo S60 2.5,Volvo,EU,0,0,0,0,0,1,0,31745,27,29916,2.5,5,208,20,3903,107,180,71
Volvo S60 T5,Volvo,EU,0,0,0,0,0,0,0,34845,28,32902,2.3,5,247,20,3766,107,180,71
Volvo S60 R,Volvo,EU,0,0,0,0,0,1,0,37560,25,35382,2.5,5,300,18,3571,107,181,71
Volvo S80 2.5T,Volvo,EU,0,0,0,0,0,1,0,37885,27,35688,2.5,5,194,20,3691,110,190,72
Volvo S80 2.9,Volvo,EU,0,0,0,0,0,0,0,37730,28,35542,2.9,6,208,20,3576,110,190,72
Volvo S80 T6,Volvo,EU,0,0,0,0,0,0,0,45210,26,42573,2.9,6,268,19,3653,110,190,72
Volvo V40,Volvo,EU,0,0,1,0,0,0,0,26135,29,24641,1.9,4,170,22,2822,101,180,68
Volvo XC70,Volvo,EU,0,0,1,0,0,1,0,35145,27,33112,2.5,5,208,20,3823,109,186,73
Volvo XC90 T6,Volvo,EU,0,1,0,0,0,1,0,41250,20,38851,2.9,6,268,15,4638,113,189,75
